{
  "project_info": {
    "project_number": "317964607749",
    "project_id": "gas-on-go-c7d9f",
    "storage_bucket": "gas-on-go-c7d9f.firebasestorage.app"
  },
  "client": [
    {
      "client_info": {
        "mobilesdk_app_id": "1:317964607749:android:fdfe23024e3d5c68bf576c",
        "android_client_info": {
          "package_name": "com.ffsh.gasongo"
        }
      },
      "oauth_client": [],
      "api_key": [
        {
          "current_key": "AIzaSyDqqo8ReK016pMnLrF3DdICvbE53lHw8jc"
        }
      ],
      "services": {
        "appinvite_service": {
          "other_platform_oauth_client": []
        }
      }
    }
  ],
  "configuration_version": "1"
}